Titre;Prix;Disponibilité;Catégorie
It's Only the Himalayas;£45.17;In stock;Travel
Full Moon over Noah’s Ark: An Odyssey to Mount Ararat and Beyond;£49.43;In stock;Travel
See America: A Celebration of Our National Parks & Treasured Sites;£48.87;In stock;Travel
Vagabonding: An Uncommon Guide to the Art of Long-Term World Travel;£36.94;In stock;Travel
Under the Tuscan Sun;£37.33;In stock;Travel
A Summer In Europe;£44.34;In stock;Travel
The Great Railway Bazaar;£30.54;In stock;Travel
A Year in Provence (Provence #1);£56.88;In stock;Travel
The Road to Little Dribbling: Adventures of an American in Britain (Notes From a Small Island #2);£23.21;In stock;Travel
Neither Here nor There: Travels in Europe;£38.95;In stock;Travel
1,000 Places to See Before You Die;£26.08;In stock;Travel
Sharp Objects;£47.82;In stock;Mystery
In a Dark, Dark Wood;£19.63;In stock;Mystery
The Past Never Ends;£56.50;In stock;Mystery
A Murder in Time;£16.64;In stock;Mystery
The Murder of Roger Ackroyd (Hercule Poirot #4);£44.10;In stock;Mystery
The Last Mile (Amos Decker #2);£54.21;In stock;Mystery
That Darkness (Gardiner and Renner #1);£13.92;In stock;Mystery
Tastes Like Fear (DI Marnie Rome #3);£10.69;In stock;Mystery
A Time of Torment (Charlie Parker #14);£48.35;In stock;Mystery
A Study in Scarlet (Sherlock Holmes #1);£16.73;In stock;Mystery
Poisonous (Max Revere Novels #3);£26.80;In stock;Mystery
Murder at the 42nd Street Library (Raymond Ambler #1);£54.36;In stock;Mystery
Most Wanted;£35.28;In stock;Mystery
Hide Away (Eve Duncan #20);£11.84;In stock;Mystery
Boar Island (Anna Pigeon #19);£59.48;In stock;Mystery
The Widow;£27.26;In stock;Mystery
Playing with Fire;£13.71;In stock;Mystery
What Happened on Beale Street (Secrets of the South Mysteries #2);£25.37;In stock;Mystery
The Bachelor Girl's Guide to Murder (Herringford and Watts Mysteries #1);£52.30;In stock;Mystery
Delivering the Truth (Quaker Midwife Mystery #1);£20.89;In stock;Mystery
Tipping the Velvet;£53.74;In stock;Historical Fiction
Forever and Forever: The Courtship of Henry Longfellow and Fanny Appleton;£29.69;In stock;Historical Fiction
A Flight of Arrows (The Pathfinders #2);£55.53;In stock;Historical Fiction
The House by the Lake;£36.95;In stock;Historical Fiction
Mrs. Houdini;£30.25;In stock;Historical Fiction
The Marriage of Opposites;£28.08;In stock;Historical Fiction
Glory over Everything: Beyond The Kitchen House;£45.84;In stock;Historical Fiction
Love, Lies and Spies;£20.55;In stock;Historical Fiction
A Paris Apartment;£39.01;In stock;Historical Fiction
Lilac Girls;£17.28;In stock;Historical Fiction
The Constant Princess (The Tudor Court #1);£16.62;In stock;Historical Fiction
The Invention of Wings;£37.34;In stock;Historical Fiction
World Without End (The Pillars of the Earth #2);£32.97;In stock;Historical Fiction
The Passion of Dolssa;£28.32;In stock;Historical Fiction
Girl With a Pearl Earring;£26.77;In stock;Historical Fiction
Voyager (Outlander #3);£21.07;In stock;Historical Fiction
The Red Tent;£35.66;In stock;Historical Fiction
The Last Painting of Sara de Vos;£55.55;In stock;Historical Fiction
The Guernsey Literary and Potato Peel Pie Society;£49.53;In stock;Historical Fiction
Girl in the Blue Coat;£46.83;In stock;Historical Fiction
Scott Pilgrim's Precious Little Life (Scott Pilgrim #1);£52.29;In stock;Sequential Art
Tsubasa: WoRLD CHRoNiCLE 2 (Tsubasa WoRLD CHRoNiCLE #2);£16.28;In stock;Sequential Art
This One Summer;£19.49;In stock;Sequential Art
The Nameless City (The Nameless City #1);£38.16;In stock;Sequential Art
Saga, Volume 5 (Saga (Collected Editions) #5);£51.04;In stock;Sequential Art
Rat Queens, Vol. 3: Demons (Rat Queens (Collected Editions) #11-15);£50.40;In stock;Sequential Art
Princess Jellyfish 2-in-1 Omnibus, Vol. 01 (Princess Jellyfish 2-in-1 Omnibus #1);£13.61;In stock;Sequential Art
Pop Gun War, Volume 1: Gift;£18.97;In stock;Sequential Art
Patience;£10.16;In stock;Sequential Art
Outcast, Vol. 1: A Darkness Surrounds Him (Outcast #1);£15.44;In stock;Sequential Art
orange: The Complete Collection 1 (orange: The Complete Collection #1);£48.41;In stock;Sequential Art
Lumberjanes, Vol. 2: Friendship to the Max (Lumberjanes #5-8);£46.91;In stock;Sequential Art
Lumberjanes, Vol. 1: Beware the Kitten Holy (Lumberjanes #1-4);£45.61;In stock;Sequential Art
Lumberjanes Vol. 3: A Terrible Plan (Lumberjanes #9-12);£19.92;In stock;Sequential Art
I Hate Fairyland, Vol. 1: Madly Ever After (I Hate Fairyland (Compilations) #1-5);£29.17;In stock;Sequential Art
I am a Hero Omnibus Volume 1;£54.63;In stock;Sequential Art
Giant Days, Vol. 2 (Giant Days #5-8);£22.11;In stock;Sequential Art
Danganronpa Volume 1;£51.99;In stock;Sequential Art
Codename Baboushka, Volume 1: The Conclave of Death;£36.72;In stock;Sequential Art
Camp Midnight;£17.08;In stock;Sequential Art
The Secret Garden;£15.08;In stock;Classics
The Metamorphosis;£28.58;In stock;Classics
The Pilgrim's Progress;£50.26;In stock;Classics
The Hound of the Baskervilles (Sherlock Holmes #5);£14.82;In stock;Classics
Little Women (Little Women #1);£28.07;In stock;Classics
Gone with the Wind;£32.49;In stock;Classics
Candide;£58.63;In stock;Classics
Animal Farm;£57.22;In stock;Classics
Wuthering Heights;£17.73;In stock;Classics
The Picture of Dorian Gray;£29.70;In stock;Classics
The Complete Stories and Poems (The Works of Edgar Allan Poe [Cameo Edition]);£26.78;In stock;Classics
Beowulf;£38.35;In stock;Classics
And Then There Were None;£35.01;In stock;Classics
The Story of Hong Gildong;£43.19;In stock;Classics
The Little Prince;£45.42;In stock;Classics
Sense and Sensibility;£37.46;In stock;Classics
Of Mice and Men;£47.11;In stock;Classics
Emma;£32.93;In stock;Classics
Alice in Wonderland (Alice's Adventures in Wonderland #1);£55.53;In stock;Classics
Sophie's World;£15.94;In stock;Philosophy
The Death of Humanity: and the Case for Life;£58.11;In stock;Philosophy
The Stranger;£17.44;In stock;Philosophy
Proofs of God: Classical Arguments from Tertullian to Barth;£54.21;In stock;Philosophy
Kierkegaard: A Christian Missionary to Christians;£47.13;In stock;Philosophy
At The Existentialist Café: Freedom, Being, and apricot cocktails with: Jean-Paul Sartre, Simone de Beauvoir, Albert Camus, Martin Heidegger, Edmund Husserl, Karl Jaspers, Maurice Merleau-Ponty and others;£29.93;In stock;Philosophy
Critique of Pure Reason;£20.75;In stock;Philosophy
Run, Spot, Run: The Ethics of Keeping Pets;£20.02;In stock;Philosophy
The Nicomachean Ethics;£36.34;In stock;Philosophy
Meditations;£25.89;In stock;Philosophy
Beyond Good and Evil;£43.38;In stock;Philosophy
Chase Me (Paris Nights #2);£25.27;In stock;Romance
Black Dust;£34.53;In stock;Romance
Her Backup Boyfriend (The Sorensen Family #1);£33.97;In stock;Romance
First and First (Five Boroughs #3);£15.97;In stock;Romance
Fifty Shades Darker (Fifty Shades #2);£21.96;In stock;Romance
The Wedding Dress;£24.12;In stock;Romance
Suddenly in Love (Lake Haven #1);£55.99;In stock;Romance
Something More Than This;£16.24;In stock;Romance
Doing It Over (Most Likely To #1);£35.61;In stock;Romance
The Wedding Pact (The O'Malleys #2);£32.61;In stock;Romance
Hold Your Breath (Search and Rescue #1);£28.82;In stock;Romance
Dirty (Dive Bar #1);£40.83;In stock;Romance
Take Me Home Tonight (Rock Star Romance #3);£53.98;In stock;Romance
Off the Hook (Fishing for Trouble #1);£47.67;In stock;Romance
A Gentleman's Position (Society of Gentlemen #3);£14.75;In stock;Romance
Sit, Stay, Love;£20.90;In stock;Romance
A Girl's Guide to Moving On (New Beginnings #2);£31.30;In stock;Romance
The Perfect Play (Play by Play #1);£59.99;In stock;Romance
Dark Lover (Black Dagger Brotherhood #1);£12.87;In stock;Romance
Changing the Game (Play by Play #2);£13.38;In stock;Romance
I Had a Nice Time And Other Lies...: How to find love & sh*t like that;£57.36;In stock;Womens Fiction
Will You Won't You Want Me?;£13.86;In stock;Womens Fiction
Keep Me Posted;£20.46;In stock;Womens Fiction
Grey (Fifty Shades #4);£48.49;In stock;Womens Fiction
Meternity;£43.58;In stock;Womens Fiction
Some Women;£13.73;In stock;Womens Fiction
Shopaholic Ties the Knot (Shopaholic #3);£48.39;In stock;Womens Fiction
Can You Keep a Secret?;£21.94;In stock;Womens Fiction
Twenties Girl;£42.80;In stock;Womens Fiction
The Undomestic Goddess;£45.75;In stock;Womens Fiction
The Nanny Diaries (Nanny #1);£52.53;In stock;Womens Fiction
The Devil Wears Prada (The Devil Wears Prada #1);£44.29;In stock;Womens Fiction
Something Borrowed (Darcy & Rachel #1);£48.96;In stock;Womens Fiction
Something Blue (Darcy & Rachel #2);£54.62;In stock;Womens Fiction
I've Got Your Number;£19.69;In stock;Womens Fiction
The Edge of Reason (Bridget Jones #2);£19.18;In stock;Womens Fiction
Bridget Jones's Diary (Bridget Jones #1);£29.82;In stock;Womens Fiction
Soumission;£50.10;In stock;Fiction
Private Paris (Private #10);£47.61;In stock;Fiction
We Love You, Charlie Freeman;£50.27;In stock;Fiction
Thirst;£17.27;In stock;Fiction
The Murder That Never Was (Forensic Instincts #5);£54.11;In stock;Fiction
Tuesday Nights in 1980;£21.04;In stock;Fiction
The Vacationers;£42.15;In stock;Fiction
The Regional Office Is Under Attack!;£51.36;In stock;Fiction
Finders Keepers (Bill Hodges Trilogy #2);£53.53;In stock;Fiction
The Time Keeper;£27.88;In stock;Fiction
The Testament of Mary;£52.67;In stock;Fiction
The First Hostage (J.B. Collins #2);£25.85;In stock;Fiction
Take Me with You;£45.21;In stock;Fiction
Still Life with Bread Crumbs;£26.41;In stock;Fiction
Shtum;£55.84;In stock;Fiction
My Name Is Lucy Barton;£41.56;In stock;Fiction
My Mrs. Brown;£24.48;In stock;Fiction
Mr. Mercedes (Bill Hodges Trilogy #1);£28.90;In stock;Fiction
I Am Pilgrim (Pilgrim #1);£10.60;In stock;Fiction
Eligible (The Austen Project #4);£27.09;In stock;Fiction
Birdsong: A Story in Pictures;£54.64;In stock;Childrens
The Bear and the Piano;£36.89;In stock;Childrens
The Secret of Dreadwillow Carse;£56.13;In stock;Childrens
The White Cat and the Monk: A Retelling of the Poem “Pangur Bán”;£58.08;In stock;Childrens
Little Red;£13.47;In stock;Childrens
Walt Disney's Alice in Wonderland;£12.96;In stock;Childrens
Twenty Yawns;£22.08;In stock;Childrens
Rain Fish;£23.57;In stock;Childrens
Once Was a Time;£18.28;In stock;Childrens
Luis Paints the World;£53.95;In stock;Childrens
Nap-a-Roo;£25.08;In stock;Childrens
The Whale;£35.96;In stock;Childrens
Shrunken Treasures: Literary Classics, Short, Sweet, and Silly;£52.87;In stock;Childrens
Raymie Nightingale;£34.41;In stock;Childrens
Playing from the Heart;£32.38;In stock;Childrens
Maybe Something Beautiful: How Art Transformed a Neighborhood;£22.54;In stock;Childrens
The Wild Robot;£56.07;In stock;Childrens
The Thing About Jellyfish;£48.77;In stock;Childrens
The Lonely Ones;£43.59;In stock;Childrens
The Day the Crayons Came Home (Crayons);£26.33;In stock;Childrens
Don't Be a Jerk: And Other Practical Advice from Dogen, Japan's Greatest Zen Master;£37.97;In stock;Religion
You Are What You Love: The Spiritual Power of Habit;£21.87;In stock;Religion
God: The Most Unpleasant Character in All Fiction;£30.03;In stock;Religion
The Book of Mormon;£24.57;In stock;Religion
A History of God: The 4,000-Year Quest of Judaism, Christianity, and Islam;£27.62;In stock;Religion
The Bhagavad Gita;£57.49;In stock;Religion
Choosing Our Religion: The Spiritual Lives of America's Nones;£28.42;In stock;Religion
Worlds Elsewhere: Journeys Around Shakespeare’s Globe;£40.30;In stock;Nonfiction
The Five Love Languages: How to Express Heartfelt Commitment to Your Mate;£31.05;In stock;Nonfiction
Reasons to Stay Alive;£26.41;In stock;Nonfiction
#HigherSelfie: Wake Up Your Life. Free Your Soul. Find Your Tribe.;£23.11;In stock;Nonfiction
Unseen City: The Majesty of Pigeons, the Discreet Charm of Snails & Other Wonders of the Urban Wilderness;£44.18;In stock;Nonfiction
Throwing Rocks at the Google Bus: How Growth Became the Enemy of Prosperity;£31.12;In stock;Nonfiction
The Life-Changing Magic of Tidying Up: The Japanese Art of Decluttering and Organizing;£16.77;In stock;Nonfiction
The Gutsy Girl: Escapades for Your Life of Epic Adventure;£37.13;In stock;Nonfiction
The Electric Pencil: Drawings from Inside State Hospital No. 3;£56.06;In stock;Nonfiction
Spark Joy: An Illustrated Master Class on the Art of Organizing and Tidying Up;£41.83;In stock;Nonfiction
Reskilling America: Learning to Labor in the Twenty-First Century;£19.83;In stock;Nonfiction
In the Country We Love: My Family Divided;£22.00;In stock;Nonfiction
Everydata: The Misinformation Hidden in the Little Data You Consume Every Day;£54.35;In stock;Nonfiction
Call the Nurse: True Stories of a Country Nurse on a Scottish Isle;£29.14;In stock;Nonfiction
Algorithms to Live By: The Computer Science of Human Decisions;£30.81;In stock;Nonfiction
The Power of Now: A Guide to Spiritual Enlightenment;£43.54;In stock;Nonfiction
The Omnivore's Dilemma: A Natural History of Four Meals;£38.21;In stock;Nonfiction
The Genius of Birds;£17.24;In stock;Nonfiction
The Artist's Way: A Spiritual Path to Higher Creativity;£38.49;In stock;Nonfiction
So You've Been Publicly Shamed;£12.23;In stock;Nonfiction
Rip it Up and Start Again;£35.02;In stock;Music
Our Band Could Be Your Life: Scenes from the American Indie Underground, 1981-1991;£57.25;In stock;Music
How Music Works;£37.32;In stock;Music
Love Is a Mix Tape (Music #1);£18.03;In stock;Music
Please Kill Me: The Uncensored Oral History of Punk;£31.19;In stock;Music
Kill 'Em and Leave: Searching for James Brown and the American Soul;£45.05;In stock;Music
Chronicles, Vol. 1;£52.60;In stock;Music
This Is Your Brain on Music: The Science of a Human Obsession;£38.40;In stock;Music
Orchestra of Exiles: The Story of Bronislaw Huberman, the Israel Philharmonic, and the One Thousand Jews He Saved from Nazi Horrors;£12.36;In stock;Music
No One Here Gets Out Alive;£20.02;In stock;Music
Life;£31.58;In stock;Music
Old Records Never Die: One Man's Quest for His Vinyl and His Past;£55.66;In stock;Music
Forever Rockers (The Rocker #12);£28.80;In stock;Music
The Coming Woman: A Novel Based on the Life of the Infamous Feminist, Victoria Woodhull;£17.93;In stock;Default
The Boys in the Boat: Nine Americans and Their Epic Quest for Gold at the 1936 Berlin Olympics;£22.60;In stock;Default
Starving Hearts (Triangular Trade Trilogy, #1);£13.99;In stock;Default
America's Cradle of Quarterbacks: Western Pennsylvania's Football Factory from Johnny Unitas to Joe Montana;£22.50;In stock;Default
Aladdin and His Wonderful Lamp;£53.13;In stock;Default
Penny Maybe;£33.29;In stock;Default
Maude (1883-1993):She Grew Up with the country;£18.02;In stock;Default
The Inefficiency Assassin: Time Management Tactics for Working Smarter, Not Longer;£20.59;In stock;Default
Soul Reader;£39.58;In stock;Default
Bossypants;£49.46;In stock;Default
A World of Flavor: Your Gluten Free Passport;£42.95;In stock;Default
A Piece of Sky, a Grain of Rice: A Memoir in Four Meditations;£56.76;In stock;Default
Tracing Numbers on a Train;£41.60;In stock;Default
Thirteen Reasons Why;£52.72;In stock;Default
The Secret (The Secret #1);£27.37;In stock;Default
The Psychopath Test: A Journey Through the Madness Industry;£36.00;In stock;Default
The Kite Runner;£41.82;In stock;Default
The Girl on the Train;£55.02;In stock;Default
The Emerald Mystery;£23.15;In stock;Default
The Bridge to Consciousness: I'm Writing the Bridge Between Science and Our Old and New Beliefs.;£32.00;In stock;Default
Mesaerion: The Best Science Fiction Stories 1800-1849;£37.59;In stock;Science Fiction
Join;£35.67;In stock;Science Fiction
William Shakespeare's Star Wars: Verily, A New Hope (William Shakespeare's Star Wars #4);£43.30;In stock;Science Fiction
The Project;£10.65;In stock;Science Fiction
Soft Apocalypse;£26.12;In stock;Science Fiction
Sleeping Giants (Themis Files #1);£48.74;In stock;Science Fiction
Arena;£21.36;In stock;Science Fiction
Foundation (Foundation (Publication Order) #1);£32.42;In stock;Science Fiction
The Restaurant at the End of the Universe (Hitchhiker's Guide to the Galaxy #2);£10.92;In stock;Science Fiction
Ready Player One;£19.07;In stock;Science Fiction
Life, the Universe and Everything (Hitchhiker's Guide to the Galaxy #3);£33.26;In stock;Science Fiction
Dune (Dune #1);£54.86;In stock;Science Fiction
Do Androids Dream of Electric Sheep? (Blade Runner #1);£51.48;In stock;Science Fiction
Three Wishes (River of Time: California #1);£44.18;In stock;Science Fiction
The Last Girl (The Dominion Trilogy #1);£36.26;In stock;Science Fiction
Having the Barbarian's Baby (Ice Planet Barbarians #7.5);£34.96;In stock;Science Fiction
The Book of Basketball: The NBA According to The Sports Guy;£44.84;In stock;Sports and Games
Friday Night Lights: A Town, a Team, and a Dream;£51.22;In stock;Sports and Games
Sugar Rush (Offensive Line #2);£24.42;In stock;Sports and Games
Settling the Score (The Summer Games #1);£44.91;In stock;Sports and Games
Icing (Aces Hockey #2);£40.44;In stock;Sports and Games
The Torch Is Passed: A Harding Family Story;£19.09;In stock;Add a comment
The Mindfulness and Acceptance Workbook for Anxiety: A Guide to Breaking Free from Anxiety, Phobias, and Worry Using Acceptance and Commitment Therapy;£23.89;In stock;Add a comment
The Art Forger;£40.76;In stock;Add a comment
On a Midnight Clear;£14.07;In stock;Add a comment
Judo: Seven Steps to Black Belt (an Introductory Guide for Beginners);£53.90;In stock;Add a comment
Shobu Samurai, Project Aryoku (#3);£29.06;In stock;Add a comment
Modern Romance;£28.26;In stock;Add a comment
The White Queen (The Cousins' War #1);£25.91;In stock;Add a comment
The Song of Achilles;£37.40;In stock;Add a comment
The Immortal Life of Henrietta Lacks;£40.67;In stock;Add a comment
The Dovekeepers;£48.78;In stock;Add a comment
More Than Music (Chasing the Dream #1);£37.61;In stock;Add a comment
Code Name Verity (Code Name Verity #1);£22.13;In stock;Add a comment
Cell;£20.29;In stock;Add a comment
Angels Walking (Angels Walking #1);£34.20;In stock;Add a comment
A Series of Catastrophes and Miracles: A True Story of Love, Science, and Cancer;£56.48;In stock;Add a comment
A People's History of the United States;£40.79;In stock;Add a comment
A Brush of Wings (Angels Walking #3);£55.51;In stock;Add a comment
Rook;£37.86;In stock;Add a comment
The Midnight Watch: A Novel of the Titanic and the Californian;£26.20;In stock;Add a comment
Unicorn Tracks;£18.78;In stock;Fantasy
Saga, Volume 6 (Saga (Collected Editions) #6);£25.02;In stock;Fantasy
Princess Between Worlds (Wide-Awake Princess #5);£13.34;In stock;Fantasy
Masks and Shadows;£56.40;In stock;Fantasy
Crown of Midnight (Throne of Glass #2);£43.29;In stock;Fantasy
Avatar: The Last Airbender: Smoke and Shadow, Part 3 (Smoke and Shadow #3);£28.09;In stock;Fantasy
A Court of Thorns and Roses (A Court of Thorns and Roses #1);£52.37;In stock;Fantasy
Throne of Glass (Throne of Glass #1);£35.07;In stock;Fantasy
The Glittering Court (The Glittering Court #1);£44.28;In stock;Fantasy
Hollow City (Miss Peregrine’s Peculiar Children #2);£42.98;In stock;Fantasy
The Star-Touched Queen;£46.02;In stock;Fantasy
The Hidden Oracle (The Trials of Apollo #1);£52.26;In stock;Fantasy
The Bane Chronicles (The Bane Chronicles #1-11);£44.73;In stock;Fantasy
Island of Dragons (Unwanteds #7);£29.65;In stock;Fantasy
Demigods & Magicians: Percy and Annabeth Meet the Kanes (Percy Jackson & Kane Chronicles Crossover #1-3);£37.51;In stock;Fantasy
City of Glass (The Mortal Instruments #3);£56.02;In stock;Fantasy
Searching for Meaning in Gailana;£38.73;In stock;Fantasy
The Star-Touched Queen;£32.30;In stock;Fantasy
A Shard of Ice (The Black Symphony Saga #1);£56.63;In stock;Fantasy
King's Folly (The Kinsman Chronicles #1);£39.61;In stock;Fantasy
Without Borders (Wanderlove #1);£45.07;In stock;New Adult
The Mistake (Off-Campus #2);£43.29;In stock;New Adult
The Matchmaker's Playbook (Wingmen Inc. #1);£55.85;In stock;New Adult
The Hook Up (Game On #1);£36.29;In stock;New Adult
Shameless;£58.35;In stock;New Adult
Off Sides (Off #1);£39.45;In stock;New Adult
The Requiem Red;£22.65;In stock;Young Adult
Set Me Free;£17.46;In stock;Young Adult
The Natural History of Us (The Fine Art of Pretending #2);£45.22;In stock;Young Adult
Obsidian (Lux #1);£14.86;In stock;Young Adult
Burning;£28.81;In stock;Young Adult
A Fierce and Subtle Poison;£28.13;In stock;Young Adult
Scarlett Epstein Hates It Here;£43.55;In stock;Young Adult
Nightingale, Sing;£38.28;In stock;Young Adult
Library of Souls (Miss Peregrine’s Peculiar Children #3);£48.56;In stock;Young Adult
Frostbite (Vampire Academy #2);£29.99;In stock;Young Adult
Wild Swans;£14.36;In stock;Young Adult
Until Friday Night (The Field Party #1);£46.31;In stock;Young Adult
This Is Where It Ends;£27.12;In stock;Young Adult
The Darkest Lie;£35.35;In stock;Young Adult
My Kind of Crazy;£40.36;In stock;Young Adult
Don't Get Caught;£55.35;In stock;Young Adult
Catching Jordan (Hundred Oaks);£50.83;In stock;Young Adult
Aristotle and Dante Discover the Secrets of the Universe (Aristotle and Dante Discover the Secrets of the Universe #1);£58.14;In stock;Young Adult
The Epidemic (The Program 0.6);£14.44;In stock;Young Adult
Stars Above (The Lunar Chronicles #4.5);£48.05;In stock;Young Adult
The Most Perfect Thing: Inside (and Outside) a Bird's Egg;£42.96;In stock;Science
Immunity: How Elie Metchnikoff Changed the Course of Modern Medicine;£57.36;In stock;Science
Sorting the Beef from the Bull: The Science of Food Fraud Forensics;£44.74;In stock;Science
Tipping Point for Planet Earth: How Close Are We to the Edge?;£37.55;In stock;Science
The Fabric of the Cosmos: Space, Time, and the Texture of Reality;£55.91;In stock;Science
Diary of a Citizen Scientist: Chasing Tiger Beetles and Other New Ways of Engaging the World;£28.41;In stock;Science
The Origin of Species;£10.01;In stock;Science
The Grand Design;£13.76;In stock;Science
Peak: Secrets from the New Science of Expertise;£16.28;In stock;Science
The Elegant Universe: Superstrings, Hidden Dimensions, and the Quest for the Ultimate Theory;£13.03;In stock;Science
The Disappearing Spoon: And Other True Tales of Madness, Love, and the History of the World from the Periodic Table of the Elements;£57.35;In stock;Science
Surely You're Joking, Mr. Feynman!: Adventures of a Curious Character;£25.83;In stock;Science
Seven Brief Lessons on Physics;£30.60;In stock;Science
The Selfish Gene;£29.45;In stock;Science
A Light in the Attic;£51.77;In stock;Poetry
The Black Maria;£52.15;In stock;Poetry
Shakespeare's Sonnets;£20.66;In stock;Poetry
Olio;£23.88;In stock;Poetry
You can't bury them all: Poems;£33.63;In stock;Poetry
Slow States of Collapse: Poems;£57.31;In stock;Poetry
Untitled Collection: Sabbath Poems 2014;£14.27;In stock;Poetry
Poems That Make Grown Women Cry;£14.19;In stock;Poetry
Night Sky with Exit Wounds;£41.05;In stock;Poetry
salt.;£46.78;In stock;Poetry
Quarter Life Poetry: Poems for the Young, Broke and Hangry;£50.89;In stock;Poetry
Out of Print: City Lights Spotlight No. 14;£53.64;In stock;Poetry
Les Fleurs du Mal;£29.04;In stock;Poetry
Howl and Other Poems;£40.45;In stock;Poetry
Leave This Song Behind: Teen Poetry at Its Best;£51.17;In stock;Poetry
The Collected Poems of W.B. Yeats (The Collected Works of W.B. Yeats #1);£15.42;In stock;Poetry
The Crossover;£38.77;In stock;Poetry
Booked;£17.49;In stock;Poetry
Twenty Love Poems and a Song of Despair;£30.95;In stock;Poetry
Vampire Knight, Vol. 1 (Vampire Knight #1);£15.40;In stock;Paranormal
Wall and Piece;£44.18;In stock;Art
Feathers: Displays of Brilliant Plumage;£49.05;In stock;Art
Art and Fear: Observations on the Perils (and Rewards) of Artmaking;£48.63;In stock;Art
The New Drawing on the Right Side of the Brain;£43.02;In stock;Art
History of Beauty;£10.29;In stock;Art
The Story of Art;£41.14;In stock;Art
The Art Book;£32.34;In stock;Art
Ways of Seeing;£39.51;In stock;Art
The Lucifer Effect: Understanding How Good People Turn Evil;£10.40;In stock;Psychology
The Golden Condom: And Other Essays on Love Lost and Found;£39.43;In stock;Psychology
It Didn't Start with You: How Inherited Family Trauma Shapes Who We Are and How to End the Cycle;£56.27;In stock;Psychology
An Unquiet Mind: A Memoir of Moods and Madness;£21.30;In stock;Psychology
Thinking, Fast and Slow;£21.14;In stock;Psychology
Civilization and Its Discontents;£59.95;In stock;Psychology
8 Keys to Mental Health Through Exercise;£31.04;In stock;Psychology
The Argonauts;£10.93;In stock;Autobiography
M Train;£27.18;In stock;Autobiography
Lab Girl;£40.85;In stock;Autobiography
Approval Junkie: Adventures in Caring Too Much;£58.81;In stock;Autobiography
Running with Scissors;£12.91;In stock;Autobiography
Me Talk Pretty One Day;£57.60;In stock;Autobiography
Lust & Wonder;£11.87;In stock;Autobiography
Life Without a Recipe;£59.04;In stock;Autobiography
A Heartbreaking Work of Staggering Genius;£54.29;In stock;Autobiography
Catastrophic Happiness: Finding Joy in Childhood's Messy Years;£37.35;In stock;Parenting
Fifty Shades Freed (Fifty Shades #3);£15.36;In stock;Adult Fiction
The Long Haul (Diary of a Wimpy Kid #9);£44.07;In stock;Humor
Old School (Diary of a Wimpy Kid #10);£11.83;In stock;Humor
I Know What I'm Doing -- and Other Lies I Tell Myself: Dispatches from a Life Under Construction;£25.98;In stock;Humor
Hyperbole and a Half: Unfortunate Situations, Flawed Coping Mechanisms, Mayhem, and Other Things That Happened;£14.75;In stock;Humor
Dress Your Family in Corduroy and Denim;£43.68;In stock;Humor
Toddlers Are A**holes: It's Not Your Fault;£25.55;In stock;Humor
When You Are Engulfed in Flames;£30.89;In stock;Humor
Naked;£31.69;In stock;Humor
Lamb: The Gospel According to Biff, Christ's Childhood Pal;£55.50;In stock;Humor
Holidays on Ice;£51.07;In stock;Humor
Security;£39.25;In stock;Horror
Follow You Home;£21.36;In stock;Horror
The Loney;£23.40;In stock;Horror
Pet Sematary;£10.56;In stock;Horror
Doctor Sleep (The Shining #2);£40.12;In stock;Horror
Psycho: Sanitarium (Psycho #1.5);£36.97;In stock;Horror
Can You Keep a Secret? (Fear Street Relaunch #4);£48.64;In stock;Horror
Red Dragon (Hannibal Lecter #1);£23.37;In stock;Horror
Dracula the Un-Dead;£35.63;In stock;Horror
Night Shift (Night Shift #1-20);£12.75;In stock;Horror
Needful Things;£47.51;In stock;Horror
Misery;£34.79;In stock;Horror
It;£25.01;In stock;Horror
'Salem's Lot;£49.56;In stock;Horror
The Stand;£57.86;In stock;Horror
The Girl with All the Gifts;£49.47;In stock;Horror
House of Leaves;£54.89;In stock;Horror
Sapiens: A Brief History of Humankind;£54.23;In stock;History
Unbound: How Eight Technologies Made Us Human, Transformed Society, and Brought Our World to the Brink;£25.52;In stock;History
The Age of Genius: The Seventeenth Century and the Birth of the Modern Mind;£19.73;In stock;History
Political Suicide: Missteps, Peccadilloes, Bad Calls, Backroom Hijinx, Sordid Pasts, Rotten Breaks, and Just Plain Dumb Mistakes in the Annals of American Politics;£36.28;In stock;History
Thomas Jefferson and the Tripoli Pirates: The Forgotten War That Changed American History;£59.64;In stock;History
Zealot: The Life and Times of Jesus of Nazareth;£24.70;In stock;History
A Distant Mirror: The Calamitous 14th Century;£14.58;In stock;History
1491: New Revelations of the Americas Before Columbus;£21.80;In stock;History
Brilliant Beacons: A History of the American Lighthouse;£11.45;In stock;History
"""Most Blessed of the Patriarchs"": Thomas Jefferson and the Empire of the Imagination";£44.48;In stock;History
A Short History of Nearly Everything;£52.40;In stock;History
The Rise and Fall of the Third Reich: A History of Nazi Germany;£39.67;In stock;History
Catherine the Great: Portrait of a Woman;£58.55;In stock;History
The Mathews Men: Seven Brothers and the War Against Hitler's U-boats;£42.91;In stock;History
The Hiding Place;£55.91;In stock;History
America's War for the Greater Middle East: A Military History;£51.22;In stock;History
The Guns of August;£14.54;In stock;History
House of Lost Worlds: Dinosaurs, Dynasties, and the Story of Life on Earth;£43.70;In stock;History
Foolproof Preserving: A Guide to Small Batch Jams, Jellies, Pickles, Condiments, and More: A Foolproof Guide to Making Small Batch Jams, Jellies, Pickles, Condiments, and More;£30.52;In stock;Food and Drink
The Pioneer Woman Cooks: Dinnertime: Comfort Classics, Freezer Food, 16-Minute Meals, and Other Delicious Ways to Solve Supper!;£56.41;In stock;Food and Drink
My Paris Kitchen: Recipes and Stories;£33.37;In stock;Food and Drink
Mama Tried: Traditional Italian Cooking for the Screwed, Crude, Vegan, and Tattooed;£14.02;In stock;Food and Drink
Layered: Baking, Building, and Styling Spectacular Cakes;£40.11;In stock;Food and Drink
The Nerdy Nummies Cookbook: Sweet Treats for the Geek in All of Us;£37.34;In stock;Food and Drink
The Love and Lemons Cookbook: An Apple-to-Zucchini Celebration of Impromptu Cooking;£37.60;In stock;Food and Drink
The Cookies & Cups Cookbook: 125+ sweet & savory recipes reminding you to Always Eat Dessert First;£41.25;In stock;Food and Drink
Deliciously Ella Every Day: Quick and Easy Recipes for Gluten-Free Snacks, Packed Lunches, and Simple Meals;£42.16;In stock;Food and Drink
The Help Yourself Cookbook for Kids: 60 Easy Plant-Based Recipes Kids Can Make to Stay Healthy and Save the Earth;£28.77;In stock;Food and Drink
It's All Easy: Healthy, Delicious Weeknight Meals in under 30 Minutes;£19.55;In stock;Food and Drink
Barefoot Contessa Back to Basics;£28.01;In stock;Food and Drink
Barefoot Contessa at Home: Everyday Recipes You'll Make Over and Over Again;£50.62;In stock;Food and Drink
My Kitchen Year: 136 Recipes That Saved My Life;£11.53;In stock;Food and Drink
Everyday Italian: 125 Simple and Delicious Recipes;£20.10;In stock;Food and Drink
A la Mode: 120 Recipes in 60 Pairings: Pies, Tarts, Cakes, Crisps, and More Topped with Ice Cream, Gelato, Frozen Custard, and More;£38.77;In stock;Food and Drink
Cravings: Recipes for What You Want to Eat;£20.50;In stock;Food and Drink
The Moosewood Cookbook: Recipes from Moosewood Restaurant, Ithaca, New York;£12.34;In stock;Food and Drink
32 Yolks;£53.63;In stock;Food and Drink
Naturally Lean: 125 Nourishing Gluten-Free, Plant-Based Recipes--All Under 300 Calories;£11.38;In stock;Food and Drink
Redeeming Love;£20.47;In stock;Christian Fiction
Close to You;£49.46;In stock;Christian Fiction
Shadows of the Past (Logan Point #1);£39.67;In stock;Christian Fiction
Like Never Before (Walker Family #2);£28.77;In stock;Christian Fiction
Counted With the Stars (Out from Egypt #1);£17.97;In stock;Christian Fiction
If I Run (If I Run #1);£49.97;In stock;Christian Fiction
The Dirty Little Secrets of Getting Your Dream Job;£33.34;In stock;Business
The Third Wave: An Entrepreneur’s Vision of the Future;£12.61;In stock;Business
The 10% Entrepreneur: Live Your Startup Dream Without Quitting Your Day Job;£27.55;In stock;Business
Shoe Dog: A Memoir by the Creator of NIKE;£23.99;In stock;Business
Made to Stick: Why Some Ideas Survive and Others Die;£38.85;In stock;Business
Quench Your Own Thirst: Business Lessons Learned Over a Beer or Two;£43.14;In stock;Business
The Art of Startup Fundraising;£21.00;In stock;Business
Born for This: How to Find the Work You Were Meant to Do;£21.59;In stock;Business
The E-Myth Revisited: Why Most Small Businesses Don't Work and What to Do About It;£36.91;In stock;Business
Rich Dad, Poor Dad;£51.74;In stock;Business
The Lean Startup: How Today's Entrepreneurs Use Continuous Innovation to Create Radically Successful Businesses;£33.92;In stock;Business
Rework;£44.88;In stock;Business
Louisa: The Extraordinary Life of Mrs. Adams;£16.85;In stock;Biography
Setting the World on Fire: The Brief, Astonishing Life of St. Catherine of Siena;£21.15;In stock;Biography
The Faith of Christopher Hitchens: The Restless Soul of the World's Most Notorious Atheist;£39.55;In stock;Biography
Benjamin Franklin: An American Life;£48.19;In stock;Biography
The Rise of Theodore Roosevelt (Theodore Roosevelt #1);£42.57;In stock;Biography
In Her Wake;£12.84;In stock;Thriller
The Elephant Tree;£23.82;In stock;Thriller
Behind Closed Doors;£52.22;In stock;Thriller
You (You #1);£43.61;In stock;Thriller
The Guilty (Will Robie #4);£13.82;In stock;Thriller
The 14th Colony (Cotton Malone #11);£39.24;In stock;Thriller
Give It Back;£18.32;In stock;Thriller
Killing Floor (Jack Reacher #1);£31.49;In stock;Thriller
The Bone Hunters (Lexy Vaughan & Steven Macaulay #2);£59.71;In stock;Thriller
Far From True (Promise Falls Trilogy #2);£34.93;In stock;Thriller
The Travelers;£15.77;In stock;Thriller
When We Collided;£31.77;In stock;Contemporary
Someone Like You (The Harrisons #2);£52.79;In stock;Contemporary
We Are All Completely Beside Ourselves;£24.04;In stock;Contemporary
The Four Agreements: A Practical Guide to Personal Freedom;£17.66;In stock;Spirituality
The Activist's Tao Te Ching: Ancient Advice for a Modern Revolution;£32.24;In stock;Spirituality
Chasing Heaven: What Dying Taught Me About Living;£37.80;In stock;Spirituality
If I Gave You God's Phone Number....: Searching for Spirituality in America;£20.91;In stock;Spirituality
Unreasonable Hope: Finding Faith in the God Who Brings Purpose to Your Pain;£46.33;In stock;Spirituality
A New Earth: Awakening to Your Life's Purpose;£55.65;In stock;Spirituality
Logan Kade (Fallen Crest High #5.5);£13.12;In stock;Academic
Online Marketing for Busy Authors: A Step-By-Step Guide;£46.35;In stock;Self Help
How to Be Miserable: 40 Strategies You Already Use;£46.03;In stock;Self Help
Overload: How to Unplug, Unwind, and Unleash Yourself from the Pressure of Stress;£52.15;In stock;Self Help
You Are a Badass: How to Stop Doubting Your Greatness and Start Living an Awesome Life;£12.08;In stock;Self Help
How to Stop Worrying and Start Living;£46.49;In stock;Self Help
All the Light We Cannot See;£29.87;In stock;Historical
The Girl You Left Behind (The Girl You Left Behind #1);£15.79;In stock;Historical
(Un)Qualified: How God Uses Broken People to Do Big Things;£54.00;In stock;Christian
Crazy Love: Overwhelmed by a Relentless God;£47.72;In stock;Christian
Blue Like Jazz: Nonreligious Thoughts on Christian Spirituality;£25.77;In stock;Christian
Silence in the Dark (Logan Point #4);£58.33;In stock;Suspense
The Grownup;£35.88;In stock;Short Stories
Suzie Snowflake: One beautiful flake (a self-esteem story);£54.81;In stock;Novels
The Bulletproof Diet: Lose up to a Pound a Day, Reclaim Energy and Focus, Upgrade Your Life;£49.05;In stock;Health
Eat Fat, Get Thin;£54.07;In stock;Health
10-Day Green Smoothie Cleanse: Lose Up to 15 Pounds in 10 Days!;£49.71;In stock;Health
The Art and Science of Low Carbohydrate Living;£52.98;In stock;Health
Libertarianism for Beginners;£51.33;In stock;Politics
Why the Right Went Wrong: Conservatism--From Goldwater to the Tea Party and Beyond;£52.65;In stock;Politics
Equal Is Unfair: America's Misguided Fight Against Income Inequality;£56.86;In stock;Politics
Amid the Chaos;£36.58;In stock;Cultural
Dark Notes;£19.19;In stock;Erotica
The Long Shadow of Small Ghosts: Murder and Memory in an American City;£10.97;In stock;Crime
